insert into public.categories (id, name, slug, description, image_url, featured)
values
  ('f613fd34-2a20-4f14-9e94-923eb68f50fa', 'Skincare', 'skincare', 'Barrier-first skincare for calm, radiant skin.', 'https://images.unsplash.com/photo-1617897903246-719242758050?q=80&w=1200&auto=format&fit=crop', true),
  ('dd89f6d6-3e28-4f2b-b2f8-4f7e2996d811', 'Makeup', 'makeup', 'Long-wear complexion and lip essentials.', 'https://images.unsplash.com/photo-1522335789203-aabd1fc54bc9?q=80&w=1200&auto=format&fit=crop', true),
  ('99771552-9931-4e43-8adb-c8d7f08ceaf9', 'Body Care', 'body-care', 'Nourishing body care with silky finishes.', 'https://images.unsplash.com/photo-1608248597279-f99d160bfcbc?q=80&w=1200&auto=format&fit=crop', false),
  ('f6f0607d-7f7b-4c99-adf2-0c5610b0f6ef', 'Hair Care', 'hair-care', 'Strengthening, hydrating care for glossy strands.', 'https://images.unsplash.com/photo-1500840216050-6ffa99d75160?q=80&w=1200&auto=format&fit=crop', false),
  ('849c5f0b-5f24-4ef9-b28f-5cb846391f85', 'Fragrance', 'fragrance', 'Soft floral and warm signature scents.', 'https://images.unsplash.com/photo-1592945403244-b3fbafd7f539?q=80&w=1200&auto=format&fit=crop', false),
  ('48758bd7-8c73-438f-9fd0-0f650bd0cbca', 'Beauty Tools', 'beauty-tools', 'Pro-grade tools for flawless daily routines.', 'https://images.unsplash.com/photo-1596462502278-27bfdc403348?q=80&w=1200&auto=format&fit=crop', false)
on conflict (id) do update set
  name = excluded.name,
  slug = excluded.slug,
  description = excluded.description,
  image_url = excluded.image_url,
  featured = excluded.featured;

insert into public.products (
  id, slug, name, short_description, description, brand, category_id, tags, price,
  compare_at_price, currency, stock, sku, rating, rating_count, is_new, is_best_seller,
  is_featured, highlights, ingredients, benefits, how_to_use
)
values
  (
    '41ceab59-d859-4838-aa4a-169ad7b095df',
    'rose-dew-hydra-serum',
    'Rose Dew Hydra Serum',
    'Plumping hydration serum with niacinamide and rose water.',
    'A lightweight daily serum that deeply hydrates, refines texture, and supports a luminous finish without feeling sticky.',
    'MWANGIZ Labs',
    'f613fd34-2a20-4f14-9e94-923eb68f50fa',
    array['hydrating', 'radiance', 'niacinamide'],
    4200,
    5000,
    'KES',
    32,
    'MWZ-SK-001',
    4.8,
    268,
    true,
    false,
    true,
    array['Hydrates for up to 24 hours', 'Supports skin barrier comfort', 'Non-comedogenic and fragrance-light'],
    array['Niacinamide', 'Rose Water', 'Hyaluronic Acid', 'Panthenol'],
    array['Hydration', 'Radiance', 'Texture refinement'],
    array['Apply 2-3 drops on damp skin.', 'Follow with moisturizer and SPF in the morning.', 'Use daily, morning and evening.']
  ),
  (
    '1cb6a390-e91a-4953-a72c-ff3792d0f9c8',
    'velvet-skin-foundation-spf30',
    'Velvet Skin Foundation SPF 30',
    'Soft-matte, breathable foundation with skincare actives.',
    'Buildable medium coverage foundation with a skin-like finish and comfortable wear for up to 12 hours.',
    'MWANGIZ Studio',
    'dd89f6d6-3e28-4f2b-b2f8-4f7e2996d811',
    array['complexion', 'spf', 'soft-matte'],
    3600,
    4200,
    'KES',
    18,
    'MWZ-MU-014',
    4.7,
    411,
    false,
    true,
    true,
    array['12-hour breathable wear', 'SPF 30 broad spectrum support', 'Buildable medium coverage'],
    array['Zinc Oxide', 'Squalane', 'Vitamin E', 'Green Tea Extract'],
    array['Coverage', 'UV support', 'Comfortable wear'],
    array['Prep skin with moisturizer.', 'Apply with brush or sponge starting at center of face.', 'Build in thin layers where needed.']
  ),
  (
    'dbb0f1b0-f1dd-42a8-836e-31c086f2f17f',
    'silk-petal-lip-oil',
    'Silk Petal Lip Oil',
    'Sheer shine lip treatment with peptide infusion.',
    'Nourishing lip oil that gives a plush glossy look while improving softness over time.',
    'MWANGIZ Studio',
    'dd89f6d6-3e28-4f2b-b2f8-4f7e2996d811',
    array['lips', 'gloss', 'treatment'],
    1800,
    2200,
    'KES',
    51,
    'MWZ-MU-021',
    4.9,
    625,
    false,
    true,
    true,
    array['Cushiony non-sticky shine', 'Peptide-powered moisture care', 'Comfortable daily wear'],
    array['Peptides', 'Jojoba Oil', 'Apricot Kernel Oil', 'Vitamin E'],
    array['Nourishment', 'Shine', 'Lip barrier support'],
    array['Swipe directly onto bare lips.', 'Layer over lipstick for extra gloss.', 'Reapply as needed throughout the day.']
  ),
  (
    '9ef7bcb8-f4a2-4d47-b620-bf450eb3fdc5',
    'camellia-melt-cleansing-balm',
    'Camellia Melt Cleansing Balm',
    'Rich cleansing balm that melts makeup and SPF.',
    'Transforming balm-to-oil cleanser that dissolves long-wear makeup and daily buildup while keeping skin soft.',
    'MWANGIZ Labs',
    'f613fd34-2a20-4f14-9e94-923eb68f50fa',
    array['cleanser', 'double-cleanse', 'gentle'],
    2900,
    null,
    'KES',
    24,
    'MWZ-SK-010',
    4.6,
    193,
    true,
    false,
    false,
    array['Melts waterproof makeup', 'Rinses clean without residue', 'Suitable for sensitive skin'],
    array['Camellia Seed Oil', 'Sunflower Oil', 'Vitamin C Ester'],
    array['Deep cleanse', 'Comfort', 'Softness'],
    array['Massage a small amount onto dry skin.', 'Emulsify with warm water.', 'Rinse and follow with water-based cleanser.']
  ),
  (
    '52953c1d-ab7a-47fa-a8a0-d95a55e7f7f8',
    'cashmere-veil-body-cream',
    'Cashmere Veil Body Cream',
    'Fast-absorbing body cream for satin-soft skin.',
    'Nutrient-rich body cream that locks in moisture and leaves a subtle, refined scent.',
    'MWANGIZ Body',
    '99771552-9931-4e43-8adb-c8d7f08ceaf9',
    array['body', 'moisture', 'softness'],
    2400,
    3000,
    'KES',
    43,
    'MWZ-BC-002',
    4.5,
    164,
    false,
    false,
    true,
    array['Long-lasting body moisture', 'Silky finish without stickiness', 'Clean floral musk scent'],
    array['Shea Butter', 'Ceramides', 'Squalane', 'Aloe Vera'],
    array['Moisture lock', 'Soft texture', 'Barrier support'],
    array['Apply generously after showering.', 'Massage into dry areas such as elbows and knees.', 'Use morning and evening for best results.']
  ),
  (
    '32ca8443-1463-4e05-9f2e-8fd0b5ff3269',
    'midnight-repair-hair-mask',
    'Midnight Repair Hair Mask',
    'Intensive treatment mask for dry and damaged hair.',
    'A weekly treatment that restores softness, manages frizz, and improves shine.',
    'MWANGIZ Hair',
    'f6f0607d-7f7b-4c99-adf2-0c5610b0f6ef',
    array['repair', 'hydration', 'shine'],
    3200,
    null,
    'KES',
    29,
    'MWZ-HC-007',
    4.7,
    207,
    false,
    true,
    false,
    array['Repairs visible dryness', 'Improves manageability', 'Smooth finish with shine'],
    array['Argan Oil', 'Keratin', 'Coconut Milk', 'Biotin'],
    array['Repair', 'Softness', 'Shine'],
    array['Apply to clean damp hair.', 'Leave for 5-10 minutes.', 'Rinse thoroughly and style as usual.']
  ),
  (
    'f684e7e6-820d-4c75-aa17-ae8ded0a4b8f',
    'sunlit-garden-eau-de-parfum',
    'Sunlit Garden Eau De Parfum',
    'A floral amber fragrance with soft citrus opening.',
    'An elegant signature fragrance featuring pear blossom, jasmine petals, and warm amber woods.',
    'MWANGIZ Fragrance',
    '849c5f0b-5f24-4ef9-b28f-5cb846391f85',
    array['fragrance', 'floral', 'signature'],
    6800,
    7600,
    'KES',
    14,
    'MWZ-FR-001',
    4.8,
    152,
    false,
    false,
    true,
    array['Long-lasting refined scent', 'Floral amber profile', 'Elegant everyday and occasion wear'],
    array['Pear Blossom', 'Jasmine', 'Vanilla', 'Amber Woods'],
    array['Signature scent', 'Longevity', 'Layer-friendly'],
    array['Spray on pulse points from 10-15 cm away.', 'Layer with body cream for longer wear.', 'Avoid rubbing fragrance into skin.']
  ),
  (
    '749f1d49-bdb5-4c8b-b60f-224f66df6478',
    'precision-flawless-brush-set',
    'Precision Flawless Brush Set',
    '8-piece premium makeup brush kit for full-face looks.',
    'Soft synthetic brushes with weighted handles for effortless blending and precise application.',
    'MWANGIZ Studio',
    '48758bd7-8c73-438f-9fd0-0f650bd0cbca',
    array['brushes', 'tools', 'pro-kit'],
    5400,
    null,
    'KES',
    20,
    'MWZ-BT-004',
    4.6,
    133,
    true,
    false,
    false,
    array['8-piece essential brush selection', 'Ultra-soft cruelty-free bristles', 'Travel-ready storage pouch included'],
    array['Synthetic Fibers', 'Aluminum Ferrules', 'Matte Resin Handles'],
    array['Blend quality', 'Precision', 'Durability'],
    array['Use dense brushes for base products.', 'Use tapered brushes for eyes and detail.', 'Clean weekly with mild brush cleanser.']
  )
on conflict (id) do update set
  slug = excluded.slug,
  name = excluded.name,
  short_description = excluded.short_description,
  description = excluded.description,
  brand = excluded.brand,
  category_id = excluded.category_id,
  tags = excluded.tags,
  price = excluded.price,
  compare_at_price = excluded.compare_at_price,
  currency = excluded.currency,
  stock = excluded.stock,
  sku = excluded.sku,
  rating = excluded.rating,
  rating_count = excluded.rating_count,
  is_new = excluded.is_new,
  is_best_seller = excluded.is_best_seller,
  is_featured = excluded.is_featured,
  highlights = excluded.highlights,
  ingredients = excluded.ingredients,
  benefits = excluded.benefits,
  how_to_use = excluded.how_to_use;

insert into public.product_images (product_id, url, alt, is_primary, sort_order)
values
  ('41ceab59-d859-4838-aa4a-169ad7b095df', 'https://images.unsplash.com/photo-1571781926291-c477ebfd024b?q=80&w=1200&auto=format&fit=crop', 'Rose Dew Hydra Serum bottle', true, 1),
  ('41ceab59-d859-4838-aa4a-169ad7b095df', 'https://images.unsplash.com/photo-1612817288484-6f916006741a?q=80&w=1200&auto=format&fit=crop', 'Rose Dew Hydra Serum texture', false, 2),
  ('1cb6a390-e91a-4953-a72c-ff3792d0f9c8', 'https://images.unsplash.com/photo-1599733594230-6b823276abcc?q=80&w=1200&auto=format&fit=crop', 'Velvet Skin Foundation bottle', true, 1),
  ('1cb6a390-e91a-4953-a72c-ff3792d0f9c8', 'https://images.unsplash.com/photo-1512496015851-a90fb38ba796?q=80&w=1200&auto=format&fit=crop', 'Velvet Skin Foundation swatches', false, 2),
  ('dbb0f1b0-f1dd-42a8-836e-31c086f2f17f', 'https://images.unsplash.com/photo-1631214540242-cc2f8d915e70?q=80&w=1200&auto=format&fit=crop', 'Silk Petal Lip Oil', true, 1),
  ('dbb0f1b0-f1dd-42a8-836e-31c086f2f17f', 'https://images.unsplash.com/photo-1583241801728-9c63ca7d7f79?q=80&w=1200&auto=format&fit=crop', 'Silk Petal Lip Oil applicator', false, 2),
  ('9ef7bcb8-f4a2-4d47-b620-bf450eb3fdc5', 'https://images.unsplash.com/photo-1629198728970-24446b4d1f99?q=80&w=1200&auto=format&fit=crop', 'Camellia Melt Cleansing Balm jar', true, 1),
  ('9ef7bcb8-f4a2-4d47-b620-bf450eb3fdc5', 'https://images.unsplash.com/photo-1570172619644-dfd03ed5d881?q=80&w=1200&auto=format&fit=crop', 'Cleansing balm texture', false, 2),
  ('52953c1d-ab7a-47fa-a8a0-d95a55e7f7f8', 'https://images.unsplash.com/photo-1615397349754-cfa2066a298e?q=80&w=1200&auto=format&fit=crop', 'Cashmere Veil Body Cream', true, 1),
  ('52953c1d-ab7a-47fa-a8a0-d95a55e7f7f8', 'https://images.unsplash.com/photo-1611930022073-b7a4ba5fcccd?q=80&w=1200&auto=format&fit=crop', 'Body cream texture', false, 2),
  ('32ca8443-1463-4e05-9f2e-8fd0b5ff3269', 'https://images.unsplash.com/photo-1617897903246-719242758050?q=80&w=1200&auto=format&fit=crop', 'Midnight Repair Hair Mask', true, 1),
  ('32ca8443-1463-4e05-9f2e-8fd0b5ff3269', 'https://images.unsplash.com/photo-1596755389378-c31d21fd1273?q=80&w=1200&auto=format&fit=crop', 'Hair mask jar and comb', false, 2),
  ('f684e7e6-820d-4c75-aa17-ae8ded0a4b8f', 'https://images.unsplash.com/photo-1541643600914-78b084683601?q=80&w=1200&auto=format&fit=crop', 'Sunlit Garden perfume bottle', true, 1),
  ('f684e7e6-820d-4c75-aa17-ae8ded0a4b8f', 'https://images.unsplash.com/photo-1594035910387-fea47794261f?q=80&w=1200&auto=format&fit=crop', 'Sunlit Garden fragrance setup', false, 2),
  ('749f1d49-bdb5-4c8b-b60f-224f66df6478', 'https://images.unsplash.com/photo-1596462502278-27bfdc403348?q=80&w=1200&auto=format&fit=crop', 'Precision Flawless Brush Set', true, 1),
  ('749f1d49-bdb5-4c8b-b60f-224f66df6478', 'https://images.unsplash.com/photo-1512496015851-a90fb38ba796?q=80&w=1200&auto=format&fit=crop', 'Brush set closeup', false, 2);

insert into public.banners (title, subtitle, cta_label, href, badge, image_url, active)
values
  ('Luxury Beauty, Thoughtfully Curated', 'Enjoy free Nairobi delivery above KES 7,500', 'Shop New Arrivals', '/shop?tag=new', 'Spring Edit', 'https://images.unsplash.com/photo-1522335789203-aabd1fc54bc9?q=80&w=1800&auto=format&fit=crop', true),
  ('Skin Essentials Bundle', 'Save 15% on your evening ritual set', 'Explore Bundles', '/shop?tag=bundle', 'Limited Offer', 'https://images.unsplash.com/photo-1612817288484-6f916006741a?q=80&w=1800&auto=format&fit=crop', true);

insert into public.coupons (code, description, type, value, min_subtotal, active, expires_at)
values
  ('GLOW10', '10% off orders above KES 5,000', 'percentage', 10, 5000, true, '2026-06-01T00:00:00.000Z'),
  ('FIRST1200', 'KES 1,200 off first purchase', 'fixed', 1200, null, true, null)
on conflict (code) do update set
  description = excluded.description,
  type = excluded.type,
  value = excluded.value,
  min_subtotal = excluded.min_subtotal,
  active = excluded.active,
  expires_at = excluded.expires_at;

insert into public.reviews (product_id, user_name, rating, title, comment, verified_purchase, created_at)
values
  ('41ceab59-d859-4838-aa4a-169ad7b095df', 'Wanjiru N.', 5, 'My skin looks brighter in one week', 'The texture is so light and it layers perfectly under sunscreen. My skin feels hydrated all day.', true, '2026-03-21T08:10:00.000Z'),
  ('1cb6a390-e91a-4953-a72c-ff3792d0f9c8', 'Muthoni K.', 5, 'Exactly the finish I wanted', 'Soft-matte but not dry. Stayed smooth through a full day at work and still looked fresh by evening.', true, '2026-03-24T13:33:00.000Z'),
  ('dbb0f1b0-f1dd-42a8-836e-31c086f2f17f', 'Achieng O.', 4, 'So glossy and comfy', 'Love the shine and the applicator. It keeps my lips soft and never feels sticky.', true, '2026-03-28T17:45:00.000Z'),
  ('9ef7bcb8-f4a2-4d47-b620-bf450eb3fdc5', 'Faith M.', 4, 'Melts makeup quickly', 'Removes sunscreen and makeup without rubbing too much. Skin feels clean and calm.', false, '2026-03-16T10:20:00.000Z');
